,Pierre,Paul,Jacques
Janvier,0.3745401188473625,0.9507143064099162,0.7319939418114051
Février,0.5986584841970366,0.15601864044243652,0.15599452033620265
Mars,0.05808361216819946,0.8661761457749352,0.6011150117432088
Avril,0.7080725777960455,0.020584494295802447,0.9699098521619943
Mai,0.8324426408004217,0.21233911067827616,0.18182496720710062
